,year,Population
28,1800,946764816.0
29,1801,950949353.2257133
30,1802,955168653.2154136
31,1803,959430074.0973089
32,1804,963726376.3807976
33,1805,968055764.0830495
34,1806,972415942.7775135
35,1807,976803344.6432602
36,1808,981217619.5151755
37,1809,985651328.9350202
38,1810,990878743.5638928
39,1811,995532712.5928671
40,1812,1000325622.1356761
41,1813,1005258096.736189
42,1814,1010330551.8330837
43,1815,1015543754.4337378
44,1816,1020894893.521143
45,1817,1026382528.7753829
46,1818,1032007127.1635098
47,1819,1037768027.0261354
48,1820,1043665953.7373062
49,1821,1049578199.9868068
50,1822,1055501042.4611218
51,1823,1061433251.7402793
52,1824,1067371418.5073423
53,1825,1073327186.8739643
54,1826,1079295963.0436673
55,1827,1085279041.9537528
56,1828,1091276456.5308337
57,1829,1097289754.5592415
58,1830,1103319619.9053972
59,1831,1109359147.228104
60,1832,1115305848.2307787
61,1833,1121155292.5683534
62,1834,1126910232.496969
63,1835,1132570731.2958164
64,1836,1138131046.1025226
65,1837,1143567112.919175
66,1838,1148861698.1283522
67,1839,1154029950.6264653
68,1840,1159081245.2797601
69,1841,1163860076.4703736
70,1842,1168506024.381045
71,1843,1173023503.814438
72,1844,1177405612.940645
73,1845,1181662684.5875363
74,1846,1185785360.0119517
75,1847,1189782535.3900514
76,1848,1193656420.9577532
77,1849,1197409812.1190977
78,1850,1201046477.0931613
79,1851,1204690104.559207
80,1852,1208289011.2795916
81,1853,1211849186.6897233
82,1854,1215376007.6136732
83,1855,1218865074.4197507
84,1856,1222303872.06958
85,1857,1225698995.5508335
86,1858,1229069347.608569
87,1859,1232462561.2008448
88,1860,1235823848.3935409
89,1861,1239298522.265092
90,1862,1243090554.725595
91,1863,1247200540.883239
92,1864,1251626549.633953
93,1865,1256371045.5078425
94,1866,1261442305.1437445
95,1867,1266846732.159216
96,1868,1272568969.9877892
97,1869,1278611042.9680939
98,1870,1284973533.4422855
99,1871,1291656523.1360285
100,1872,1298586261.204281
101,1873,1304594045.292443
102,1874,1312082253.1935108
103,1875,1319860814.757697
104,1876,1327947476.1278992
105,1877,1335575341.488265
106,1878,1344425842.9402323
107,1879,1353630213.596985
108,1880,1363008988.749228
109,1881,1372224447.8334868
110,1882,1381822065.511243
111,1883,1391557269.9891508
112,1884,1401119578.6759255
113,1885,1411074415.2095695
114,1886,1421182605.1433651
115,1887,1431126454.1936085
116,1888,1441482567.7944307
117,1889,1452012369.833318
118,1890,1462720390.744074
119,1891,1473594907.954585
120,1892,1484687593.0910707
121,1893,1496014494.7149372
122,1894,1507556235.021833
123,1895,1519300926.8091207
124,1896,1531271629.4066963
125,1897,1543481820.6710768
126,1898,1555891052.2814958
127,1899,1568552138.894643
128,1900,1581392317.3471382
129,1901,1594393129.6396673
130,1902,1607315600.6548283
131,1903,1620637298.8880146
132,1904,1634141038.243553
133,1905,1647854013.9562612
134,1906,1661715903.4562755
135,1907,1675259380.1587584
136,1908,1689400127.6334345
137,1909,1704163072.9368699
138,1910,1719394914.6913216
139,1911,1734741452.9407966
140,1912,1751304099.6082423
141,1913,1768064175.2276704
142,1914,1784378253.1207001
143,1915,1799897021.2332346
144,1916,1814200438.2649853
145,1917,1827734351.0028024
146,1918,1839399245.493117
147,1919,1852166384.7664573
148,1920,1866084685.4132452
149,1921,1882312765.4508133
150,1922,1898529832.9315479
151,1923,1915168411.1408768
152,1924,1932075515.185437
153,1925,1948955686.8321412
154,1926,1965695370.5168521
155,1927,1982536027.5550888
156,1928,1999311865.706109
157,1929,2017045912.2839646
158,1930,2036276009.978616
159,1931,2057237433.3304808
160,1932,2078921219.2094612
161,1933,2100443072.217227
162,1934,2121899804.504052
163,1935,2143194324.0399237
164,1936,2164788903.6768255
165,1937,2186533749.196455
166,1938,2208795641.9861774
167,1939,2230495015.341976
168,1940,2251629928.1362023
169,1941,2272378421.4866123
170,1942,2293453664.611452
171,1943,2314816524.1241865
172,1944,2334719398.8591723
173,1945,2355292551.8027263
174,1946,2378793750.212288
175,1947,2406793627.5911226
176,1948,2437585102.7639937
177,1949,2477244597.9002786
178,1950,2522795097.0
179,1951,2569951208.0
180,1952,2616316758.0
181,1953,2662543504.0
182,1954,2709178365.0
183,1955,2756662517.0
184,1956,2805328910.0
185,1957,2855404933.0
186,1958,2907023467.0
187,1959,2960240049.0
188,1960,3015085838.0
189,1961,3071623124.0
190,1962,3129995156.0
191,1963,3190446183.0
192,1964,3253262811.0
193,1965,3318598296.0
194,1966,3386535759.0
195,1967,3456874782.0
196,1968,3529117645.0
197,1969,3602582433.0
198,1970,3676727865.0
199,1971,3751454788.0
200,1972,3826757615.0
201,1973,3902316828.0
202,1974,3977783768.0
203,1975,4052954392.0
204,1976,4127653812.0
205,1977,4202040817.0
206,1978,4276676636.0
207,1979,4352350393.0
208,1980,4429660149.0
209,1981,4508601232.0
210,1982,4589057229.0
211,1983,4671352595.0
212,1984,4755854655.0
213,1985,4842705541.0
214,1986,4932112905.0
215,1987,5023677382.0
216,1988,5116168638.0
217,1989,5207930480.0
218,1990,5297738844.0
219,1991,5385171977.0
220,1992,5470448447.0
221,1993,5553789455.0
222,1994,5635670131.0
223,1995,5716485992.0
224,1996,5796242146.0
225,1997,5874914801.0
226,1998,5952873494.0
227,1999,6030583814.0
228,2000,6108424718.0
229,2001,6186543057.0
230,2002,6265005402.0
231,2003,6344003287.0
232,2004,6423719971.0
233,2005,6504280993.0
234,2006,6585760192.0
235,2007,6668138074.0
236,2008,6751310827.0
237,2009,6835108522.0
238,2010,6919368228.0
239,2011,7004042402.0
240,2012,7089048309.0
241,2013,7174135279.0
242,2014,7258995892.0
243,2015,7343380299.0
244,2016,7427157079.0
245,2017,7510270208.0
246,2018,7592641463.0
247,2019,7674218669.0
248,2020,7754954225.0
249,2021,7834779420.0
250,2022,7913638043.0
251,2023,7991520040.0
252,2024,8068434258.0
253,2025,8144386957.0
